object_id,decision,date,reviewer,notes
G1-20260723-SRC001,approved,2026-07-23,project-owner,Owner instructed Codex to proceed with full processing of first batch in production session
G1-20260728-SRC001,approved,2026-07-28,project-owner,Owner explicitly approved G1-20260728-SRC001-enconet and instructed production processing to proceed
G1-20260728-SRC002,approved,2026-07-28,project-owner,Owner explicitly approved G1-20260728-SRC002
G1-20260728-SRC003,approved,2026-07-28,project-owner,Owner explicitly approved G1-20260728-SRC003
G1-20260728-SRC004,approved,2026-07-28,project-owner,Owner explicitly approved G1-20260728-SRC004
G1-20260728-SRC005,approved,2026-07-28,project-owner,Owner explicitly approved G1-20260728-SRC005
G1-20260728-SRC006,approved,2026-07-28,project-owner,Owner explicitly approved G1-20260728-SRC006
G1-20260728-SRC007,approved,2026-07-28,project-owner,Owner explicitly approved G1-20260728-SRC007
G1-20260728-SRC008,approved,2026-07-28,project-owner,Owner explicitly approved G1-20260728-SRC008
G1-20260728-SRC009,approved,2026-07-28,project-owner,Owner explicitly approved G1-20260728-SRC009
G1-20260728-SRC010,approved,2026-07-28,project-owner,Owner explicitly approved G1-20260728-SRC010
SIEVE-REJECT-RUN-20260723-02,approved,2026-07-28,project-owner,Owner explicitly directed rejection of inactive candidate RUN-20260723-02
G2-20260728-FULL,approved,2026-07-28,project-owner,Owner explicitly approved G2-20260728-FULL and selected Croatian deliverable language
G2-RUN-20260728-01,approved,2026-07-28,project-owner,Canonical evaluation-run binding for the owner-approved G2-20260728-FULL packet
G3-RUN-20260728-01,approved,2026-07-28,project-owner,Owner explicitly approved G3-RUN-20260728-01
G4-RUN-20260728-01,approved,2026-07-28,project-owner,Owner explicitly approved G4-RUN-20260728-01
FIND-0001,approved,2026-07-28,project-owner,Approved under G4-RUN-20260728-01
FIND-0002,approved,2026-07-28,project-owner,Approved under G4-RUN-20260728-01
FIND-0003,approved,2026-07-28,project-owner,Approved under G4-RUN-20260728-01
FIND-0004,approved,2026-07-28,project-owner,Approved under G4-RUN-20260728-01
FIND-0005,approved,2026-07-28,project-owner,Approved under G4-RUN-20260728-01
FIND-0006,approved,2026-07-28,project-owner,Approved under G4-RUN-20260728-01
FIND-0007,approved,2026-07-28,project-owner,Approved under G4-RUN-20260728-01
FIND-0008,approved,2026-07-28,project-owner,Approved under G4-RUN-20260728-01
ACT-0001,approved,2026-07-28,project-owner,Approved under G4-RUN-20260728-01
ACT-0002,approved,2026-07-28,project-owner,Approved under G4-RUN-20260728-01
ACT-0003,approved,2026-07-28,project-owner,Approved under G4-RUN-20260728-01
ACT-0004,approved,2026-07-28,project-owner,Approved under G4-RUN-20260728-01
ACT-0005,approved,2026-07-28,project-owner,Approved under G4-RUN-20260728-01
ACT-0006,approved,2026-07-28,project-owner,Approved under G4-RUN-20260728-01
ACT-0007,approved,2026-07-28,project-owner,Approved under G4-RUN-20260728-01
ACT-0008,approved,2026-07-28,project-owner,Approved under G4-RUN-20260728-01
ACT-0009,approved,2026-07-28,project-owner,Approved under G4-RUN-20260728-01
G5-RUN-20260728-01,approved,2026-07-28,project-owner,Owner explicitly approved G5-RUN-20260728-01
G6-RUN-20260728-01,approved,2026-07-28,project-owner,Owner explicitly approved G6-RUN-20260728-01
G7-RUN-20260728-01,approved,2026-07-28,project-owner,Owner explicitly approved G7-RUN-20260728-01
