run_id,run_type,doc_id,prompt_version,document_side,started_utc,finished_utc,result,notes
RUN-20260723-01,initial_sieve,DOC-0021,appb_document_v1,DOCUMENT,2026-07-23T10:11:25Z,2026-07-23T10:15:29Z,PASS,batch_id=ING-20260723-001; doc_id=DOC-0021; change_type=new; chunks=138; crumbs=34; quotes=60; linked_quotes=60
RUN-20260723-02,quality_correction_candidate,DOC-0021,appb_document_v1,DOCUMENT,2026-07-23T10:17:55Z,2026-07-23T10:17:55Z,CANDIDATE,batch_id=ING-20260723-001; doc_id=DOC-0021; change_type=new; chunks=138; crumbs=34; quotes=60; linked_quotes=60; active=false; promotion_blocked=pending_human_golden_approval
RUN-20260728-01,initial_sieve,DOC-0022,appb_document_v1,DOCUMENT,2026-07-27T23:15:28Z,2026-07-27T23:18:07Z,PASS,batch_id=ING-20260728-001; doc_id=DOC-0022; change_type=new; chunks=62; crumbs=28; quotes=64; linked_quotes=64
RUN-20260728-02,initial_sieve,DOC-0023,appb_document_v1,DOCUMENT,2026-07-27T23:22:18Z,2026-07-27T23:24:53Z,PASS,batch_id=ING-20260728-002; doc_id=DOC-0023; change_type=new; chunks=48; crumbs=17; quotes=57; linked_quotes=57
RUN-20260728-03,initial_sieve,DOC-0024,appb_document_v1,DOCUMENT,2026-07-27T23:29:08Z,2026-07-27T23:34:17Z,PASS,batch_id=ING-20260728-003; doc_id=DOC-0024; change_type=new; chunks=57; crumbs=18; quotes=18; linked_quotes=18
RUN-20260728-04,initial_sieve,DOC-0025,appb_document_v1,DOCUMENT,2026-07-27T23:29:09Z,2026-07-27T23:34:18Z,PASS,batch_id=ING-20260728-003; doc_id=DOC-0025; change_type=new; chunks=26; crumbs=5; quotes=6; linked_quotes=6
RUN-20260728-05,initial_sieve,DOC-0026,appb_document_v1,DOCUMENT,2026-07-27T23:29:09Z,2026-07-27T23:34:19Z,PASS,batch_id=ING-20260728-003; doc_id=DOC-0026; change_type=new; chunks=12; crumbs=6; quotes=6; linked_quotes=6
RUN-20260728-06,initial_sieve,DOC-0027,appb_document_v1,DOCUMENT,2026-07-27T23:40:36Z,2026-07-27T23:43:12Z,PASS,batch_id=ING-20260728-004; doc_id=DOC-0027; change_type=new; chunks=17; crumbs=6; quotes=6; linked_quotes=6
RUN-20260728-07,initial_sieve,DOC-0028,appb_document_v1,DOCUMENT,2026-07-27T23:40:37Z,2026-07-27T23:43:13Z,PASS,batch_id=ING-20260728-004; doc_id=DOC-0028; change_type=new; chunks=15; crumbs=8; quotes=8; linked_quotes=8
RUN-20260728-08,initial_sieve,DOC-0029,appb_document_v1,DOCUMENT,2026-07-27T23:40:38Z,2026-07-27T23:43:14Z,PASS,batch_id=ING-20260728-004; doc_id=DOC-0029; change_type=new; chunks=19; crumbs=12; quotes=12; linked_quotes=12
RUN-20260728-09,initial_sieve,DOC-0030,appb_document_v1,DOCUMENT,2026-07-27T23:48:47Z,2026-07-27T23:50:47Z,PASS,batch_id=ING-20260728-005; doc_id=DOC-0030; change_type=new; chunks=20; crumbs=8; quotes=8; linked_quotes=8
RUN-20260728-10,initial_sieve,DOC-0031,appb_document_v1,DOCUMENT,2026-07-27T23:48:48Z,2026-07-27T23:50:48Z,PASS,batch_id=ING-20260728-005; doc_id=DOC-0031; change_type=new; chunks=17; crumbs=8; quotes=8; linked_quotes=8
RUN-20260728-11,initial_sieve,DOC-0032,appb_document_v1,DOCUMENT,2026-07-27T23:48:49Z,2026-07-27T23:50:49Z,PASS,batch_id=ING-20260728-005; doc_id=DOC-0032; change_type=new; chunks=11; crumbs=6; quotes=6; linked_quotes=6
RUN-20260728-12,initial_sieve,DOC-0033,appb_document_v1,DOCUMENT,2026-07-27T23:53:01Z,2026-07-27T23:54:34Z,PASS,batch_id=ING-20260728-006; doc_id=DOC-0033; change_type=new; chunks=19; crumbs=5; quotes=5; linked_quotes=5
RUN-20260728-13,initial_sieve,DOC-0034,appb_document_v1,DOCUMENT,2026-07-27T23:53:01Z,2026-07-27T23:54:35Z,PASS,batch_id=ING-20260728-006; doc_id=DOC-0034; change_type=new; chunks=14; crumbs=5; quotes=5; linked_quotes=5
RUN-20260728-14,initial_sieve,DOC-0035,appb_document_v1,DOCUMENT,2026-07-27T23:53:02Z,2026-07-27T23:54:36Z,PASS,batch_id=ING-20260728-006; doc_id=DOC-0035; change_type=new; chunks=9; crumbs=4; quotes=4; linked_quotes=4
RUN-20260728-15,initial_sieve,DOC-0036,appb_document_v1,DOCUMENT,2026-07-27T23:56:27Z,2026-07-27T23:58:22Z,PASS,batch_id=ING-20260728-007; doc_id=DOC-0036; change_type=new; chunks=12; crumbs=4; quotes=4; linked_quotes=4
RUN-20260728-16,initial_sieve,DOC-0037,appb_document_v1,DOCUMENT,2026-07-27T23:56:28Z,2026-07-27T23:58:23Z,PASS,batch_id=ING-20260728-007; doc_id=DOC-0037; change_type=new; chunks=26; crumbs=8; quotes=8; linked_quotes=8
RUN-20260728-17,initial_sieve,DOC-0038,appb_document_v1,DOCUMENT,2026-07-27T23:56:29Z,2026-07-27T23:58:23Z,PASS,batch_id=ING-20260728-007; doc_id=DOC-0038; change_type=new; chunks=23; crumbs=8; quotes=8; linked_quotes=8
RUN-20260728-18,initial_sieve,DOC-0039,appb_document_v1,DOCUMENT,2026-07-28T00:05:57Z,2026-07-28T00:07:58Z,PASS,batch_id=ING-20260728-008; doc_id=DOC-0039; change_type=new; chunks=18; crumbs=6; quotes=6; linked_quotes=6
RUN-20260728-19,initial_sieve,DOC-0040,appb_document_v1,DOCUMENT,2026-07-28T00:05:58Z,2026-07-28T00:07:59Z,PASS,batch_id=ING-20260728-008; doc_id=DOC-0040; change_type=new; chunks=33; crumbs=8; quotes=8; linked_quotes=8
RUN-20260728-20,initial_sieve,DOC-0041,appb_document_v1,DOCUMENT,2026-07-28T00:06:00Z,2026-07-28T00:08:00Z,PASS,batch_id=ING-20260728-008; doc_id=DOC-0041; change_type=new; chunks=15; crumbs=5; quotes=5; linked_quotes=5
RUN-20260728-21,initial_sieve,DOC-0042,appb_document_v1,DOCUMENT,2026-07-28T00:09:42Z,2026-07-28T00:11:04Z,PASS,batch_id=ING-20260728-009; doc_id=DOC-0042; change_type=new; chunks=12; crumbs=4; quotes=4; linked_quotes=4
RUN-20260728-22,initial_sieve,DOC-0043,appb_document_v1,DOCUMENT,2026-07-28T00:09:42Z,2026-07-28T00:11:05Z,PASS,batch_id=ING-20260728-009; doc_id=DOC-0043; change_type=new; chunks=10; crumbs=4; quotes=4; linked_quotes=4
RUN-20260728-23,initial_sieve,DOC-0044,appb_document_v1,DOCUMENT,2026-07-28T00:09:43Z,2026-07-28T00:11:06Z,PASS,batch_id=ING-20260728-009; doc_id=DOC-0044; change_type=new; chunks=10; crumbs=4; quotes=4; linked_quotes=4
RUN-20260728-24,initial_sieve,DOC-0045,appb_document_v1,DOCUMENT,2026-07-28T00:12:56Z,2026-07-28T00:14:21Z,PASS,batch_id=ING-20260728-010; doc_id=DOC-0045; change_type=new; chunks=10; crumbs=8; quotes=8; linked_quotes=8
RUN-20260728-25,initial_sieve,DOC-0046,appb_document_v1,DOCUMENT,2026-07-28T00:12:57Z,2026-07-28T00:14:22Z,PASS,batch_id=ING-20260728-010; doc_id=DOC-0046; change_type=new; chunks=16; crumbs=5; quotes=5; linked_quotes=5
