doc_id,filename,title,supplier,doc_date,language,side_hint,sha256,promoted_utc,source_url,notes
DOC-0001,10CFR_Part 21.md,10CFR_Part 21,REGULATORY_SOURCE,n-a,undetermined,RULE,74e8cf5d62f05a87879f602cb1abdaee745af875fc6eeab5420df70dc3e84248,2026-10-02T23:57:30Z,n-a,Owner-approved G1 source; metadata not yet independently verified.
DOC-0002,10CFR_Part 50_-_Appendix_B.md,10CFR_Part 50_-_Appendix_B,REGULATORY_SOURCE,n-a,undetermined,RULE,b06bf6d7fbc8d92e122bbb3dd7efc5088842141127f2717e3ea6de976612c396,2026-10-02T23:57:30Z,n-a,Owner-approved G1 source; metadata not yet independently verified.
DOC-0003,ASME_NQA-1_000-013_Preface.md,ASME_NQA-1_000-013_Preface,REGULATORY_SOURCE,n-a,undetermined,RULE,7df1e41b51d5618c1afe404ee89c2396e0c907e5efd768a09a480d593c0aa6be,2026-10-02T23:57:31Z,n-a,Owner-approved G1 source; metadata not yet independently verified.
DOC-0004,ASME_NQA-1_014-046_Part_1.md,ASME_NQA-1_014-046_Part_1,REGULATORY_SOURCE,n-a,undetermined,RULE,8e26ceadaf42cdedbee5505268b3610b2a33951c4b7d01626df7d0522a32d41b,2026-10-02T23:57:31Z,n-a,Owner-approved G1 source; metadata not yet independently verified.
DOC-0005,ASME_NQA-1_047-128_Part_2.md,ASME_NQA-1_047-128_Part_2,REGULATORY_SOURCE,n-a,undetermined,RULE,50bb4b0291e185f2d949556c6e03d507c31922d7818988b22747ad66c6764322,2026-10-02T23:57:31Z,n-a,Owner-approved G1 source; metadata not yet independently verified.
DOC-0006,ASME_NQA-1_129-206_Part_3.md,ASME_NQA-1_129-206_Part_3,REGULATORY_SOURCE,n-a,undetermined,RULE,a2cc79330bef84bd1323c102f06142ef1207b7db6092bad602ff09979d604f83,2026-10-02T23:57:31Z,n-a,Owner-approved G1 source; metadata not yet independently verified.
DOC-0007,ASME_NQA-1_207-315_Part_4.md,ASME_NQA-1_207-315_Part_4,REGULATORY_SOURCE,n-a,undetermined,RULE,0124984ff49898c6487b267fc298af5ca0e1757db36a08e03f8a6ecb070016e9,2026-10-02T23:57:31Z,n-a,Owner-approved G1 source; metadata not yet independently verified.
DOC-0008,PQ06.1_Upravljanje_rizicima.md,PQ06.1_Upravljanje_rizicima,Ekonerg,n-a,undetermined,DOCUMENT,fbed57cf7b11737b240a0c2dc007843adec8f16142ce808bbcedee1caa5cee17,2026-10-02T23:57:31Z,n-a,Owner-approved G1 source; metadata not yet independently verified.
DOC-0009,PQ07.1-1_r8_Kontrola_školovanja_i_treninga_osoblja.md,PQ07.1-1_r8_Kontrola_školovanja_i_treninga_osoblja,Ekonerg,n-a,undetermined,DOCUMENT,ca61c4d6099782f92a6cbb58296b25e893add080271c51b32f962db7b7aed7cc,2026-10-02T23:57:31Z,n-a,Owner-approved G1 source; metadata not yet independently verified.
DOC-0010,"PQ07.1-2_r5_Kontrola_opreme_za_mjerenje,_inspekcij.md","PQ07.1-2_r5_Kontrola_opreme_za_mjerenje,_inspekcij",Ekonerg,n-a,undetermined,DOCUMENT,9fc2077bf90ad74fec3be053ba762954d7c0141088ce29c90525e53c14d17fb8,2026-10-02T23:57:31Z,n-a,Owner-approved G1 source; metadata not yet independently verified.
DOC-0011,"PQ07.5-2_r8_Postupci_sustava_kvalitete,_sustava_za.md","PQ07.5-2_r8_Postupci_sustava_kvalitete,_sustava_za",Ekonerg,n-a,undetermined,DOCUMENT,29d17b1fd74c3fb44d0627dbe432ec1ba88b912f24b5abd83b17b53f39c6a9dd,2026-10-02T23:57:31Z,n-a,Owner-approved G1 source; metadata not yet independently verified.
DOC-0012,PQ07.5-3_r3_Kontrolni_postupci.md,PQ07.5-3_r3_Kontrolni_postupci,Ekonerg,n-a,undetermined,DOCUMENT,0f264be9ea5b8d630567040174a359845cf44e9354f29232387b6b72f08fb1ea,2026-10-02T23:57:31Z,n-a,Owner-approved G1 source; metadata not yet independently verified.
DOC-0013,PQ07.5-4_r6_Radni_postupci.md,PQ07.5-4_r6_Radni_postupci,Ekonerg,n-a,undetermined,DOCUMENT,e3ef52eac90fccee4168beab423b1157238aa9217f2df839157a280516d4abe8,2026-10-02T23:57:31Z,n-a,Owner-approved G1 source; metadata not yet independently verified.
DOC-0014,PQ07.5-5_r10_Kontrola_dokumenata_koji_nastaju_u_Ek.md,PQ07.5-5_r10_Kontrola_dokumenata_koji_nastaju_u_Ek,Ekonerg,n-a,undetermined,DOCUMENT,a4d252d8e4821d2ee46b4d1c0db99133559a95fdf75fa43a23c993aec27e53ea,2026-10-02T23:57:31Z,n-a,Owner-approved G1 source; metadata not yet independently verified.
DOC-0015,PQ07.5-6_r5_Kontrola_dokumentacije_koju_prima_Ekon.md,PQ07.5-6_r5_Kontrola_dokumentacije_koju_prima_Ekon,Ekonerg,n-a,undetermined,DOCUMENT,0b8addf66a9933be4d5a332e2a92fcd3cc3da693a34550c562fab266594c8564,2026-10-02T23:57:31Z,n-a,Owner-approved G1 source; metadata not yet independently verified.
DOC-0016,PQ07.5-7_r10_Kontrola_zapisa.md,PQ07.5-7_r10_Kontrola_zapisa,Ekonerg,n-a,undetermined,DOCUMENT,7af8c6a51bf34d7db3f71f7e8659a1948fa0fda5407accc1c2dce02a4f641c34,2026-10-02T23:57:31Z,n-a,Owner-approved G1 source; metadata not yet independently verified.
DOC-0017,PQ08.1-1_r5_Svrstavanja_aktivnosti_u_nivoe_složeno.md,PQ08.1-1_r5_Svrstavanja_aktivnosti_u_nivoe_složeno,Ekonerg,n-a,undetermined,DOCUMENT,bc7e70915c9a9cdc45a377a4745170bf57677bdfa912c6198ac6fec3f75d0a06,2026-10-02T23:57:31Z,n-a,Owner-approved G1 source; metadata not yet independently verified.
DOC-0018,PQ08.1-2_r4_Plan_kvalitete.md,PQ08.1-2_r4_Plan_kvalitete,Ekonerg,n-a,undetermined,DOCUMENT,1ae5bd3c5b37e085b778e292f70741186664524a9c02953a95cec8fb7ca1869f,2026-10-02T23:57:31Z,n-a,Owner-approved G1 source; metadata not yet independently verified.
DOC-0019,PQ08.1-3_r2_Plan_vođenja_projekta.md,PQ08.1-3_r2_Plan_vođenja_projekta,Ekonerg,n-a,undetermined,DOCUMENT,1399a9374c4bd77fbd2539838cafbd9248eca7827cf9d681d31db2ed639ffd0d,2026-10-02T23:57:31Z,n-a,Owner-approved G1 source; metadata not yet independently verified.
DOC-0020,PQ08.2-1_r6_Odnosi_s_Naručiteljima.md,PQ08.2-1_r6_Odnosi_s_Naručiteljima,Ekonerg,n-a,undetermined,DOCUMENT,e1545b39c208ffdab933b6ac5d453437031da518825dc61e630d51879eb9d2cb,2026-10-02T23:57:31Z,n-a,Owner-approved G1 source; metadata not yet independently verified.
DOC-0021,PQ08.2-2_r5_Priprema_i_postupanje_s_ugovornom_doku.md,PQ08.2-2_r5_Priprema_i_postupanje_s_ugovornom_doku,Ekonerg,n-a,undetermined,DOCUMENT,fb6fda1f17c55e31d7e0db95271ab61982506acdd7284ee9cc3d0c26be034f73,2026-10-02T23:57:31Z,n-a,Owner-approved G1 source; metadata not yet independently verified.
DOC-0022,PQ08.3-1_r4_Kontrola_studijskih_projektnih_radova_.md,PQ08.3-1_r4_Kontrola_studijskih_projektnih_radova_,Ekonerg,n-a,undetermined,DOCUMENT,ee1b6a020af2457977d50443a8197217246a227419a5c72373e3117dfd7b1fdd,2026-10-02T23:57:31Z,n-a,Owner-approved G1 source; metadata not yet independently verified.
DOC-0023,PQ08.4-1_r3_Kontrola_studijskih_projektnih_radova_.md,PQ08.4-1_r3_Kontrola_studijskih_projektnih_radova_,Ekonerg,n-a,undetermined,DOCUMENT,3bb5bd31e187169c0f8fe1ee742bde3c5f9719eda230ddbecbb2d9de3ddbaa24,2026-10-02T23:57:31Z,n-a,Owner-approved G1 source; metadata not yet independently verified.
DOC-0024,PQ08.4-2_r9_Kontrola_nabave.md,PQ08.4-2_r9_Kontrola_nabave,Ekonerg,n-a,undetermined,DOCUMENT,b3ad579958daaaf2271e3913fe72512f529a6b0ffbd08bff83afc0efaf763e83,2026-10-02T23:57:31Z,n-a,Owner-approved G1 source; metadata not yet independently verified.
DOC-0025,PQ08.4-3_r11_Evaluacija_i_izbor_dobavljača.md,PQ08.4-3_r11_Evaluacija_i_izbor_dobavljača,Ekonerg,n-a,undetermined,DOCUMENT,1166d5dd59ffec79bf1cc45ecbb08cd2387d1923806512408c469a8f90e588d0,2026-10-02T23:57:31Z,n-a,Owner-approved G1 source; metadata not yet independently verified.
DOC-0026,PQ08.6_r3_Kontrola_i_verifikacija_aktivnosti.md,PQ08.6_r3_Kontrola_i_verifikacija_aktivnosti,Ekonerg,n-a,undetermined,DOCUMENT,8ac8cbf7f5ff0df7c959f370f85c66e84c16120049cb461786f1844dfcd11d34,2026-10-02T23:57:31Z,n-a,Owner-approved G1 source; metadata not yet independently verified.
DOC-0027,PQ09.2_r9_Provjere.md,PQ09.2_r9_Provjere,Ekonerg,n-a,undetermined,DOCUMENT,602fced6251414fdb4c3ca6c6e78b7930181017f50de821e8da22462429135f3,2026-10-02T23:57:31Z,n-a,Owner-approved G1 source; metadata not yet independently verified.
DOC-0028,"PQ09.3_r6_Pregled_i_ocjena_sustava_kvalitete,_zašt.md","PQ09.3_r6_Pregled_i_ocjena_sustava_kvalitete,_zašt",Ekonerg,n-a,undetermined,DOCUMENT,cf62287d78756915eaa14885e5c3cf87241795e3fdd1f173df3f71a7f22a2879,2026-10-02T23:57:31Z,n-a,Owner-approved G1 source; metadata not yet independently verified.
DOC-0029,PQ10.2-1_r10_Kontrola_neusklađenosti.md,PQ10.2-1_r10_Kontrola_neusklađenosti,Ekonerg,n-a,undetermined,DOCUMENT,23e2d5d94b58fe2b0f41ee9260fd768e93a0dcc8917f3b2403ff325bbf0c7c60,2026-10-02T23:57:31Z,n-a,Owner-approved G1 source; metadata not yet independently verified.
DOC-0030,PQ10.2-2_r10_Kontrola_korektivnih_akcija.md,PQ10.2-2_r10_Kontrola_korektivnih_akcija,Ekonerg,n-a,undetermined,DOCUMENT,c9106e670874f1ab8d7e4307cc264511938c9cd5ba19b848ba1c08736c92b4b7,2026-10-02T23:57:31Z,n-a,Owner-approved G1 source; metadata not yet independently verified.
DOC-0031,Priručnik_sustava_upravljanja_rev.5.md,Priručnik_sustava_upravljanja_rev.5,Ekonerg,n-a,undetermined,DOCUMENT,cd2e60b5b67229ac02dbd92d6637780d1e12b0491b11a54d37bc78fdd6d635a0,2026-10-02T23:57:31Z,n-a,Owner-approved G1 source; metadata not yet independently verified.
DOC-0032,Priručnik_sustava_upravljanja_rev.5__9492b447c386.md,Priručnik_sustava_upravljanja_rev.5,Ekonerg,n-a,undetermined,DOCUMENT,9492b447c386d174ca6fd7a473999a4999899523ae21570a81626ffadfdeae87,2026-10-06T18:22:54Z,n-a,Fuller source extraction; predecessor DOC-0031; intake SOURCE-MANUAL-FULL-20261006-OWNER; candidate only.
